page,title,cate
1,5. [웹 크롤링] 브라우저 동작하기 (Playwright),파이썬/웹 크롤링
1,4. [웹 크롤링] 데이터 프레임 만들기(with csv 저장),파이썬/웹 크롤링
1,3. [웹 크롤링] 페이지 이동하며 크롤링,파이썬/웹 크롤링
1,2. [웹 크롤링] 태그 텍스트 가져오기,파이썬/웹 크롤링
1,1. [웹 크롤링] 시작,파이썬/웹 크롤링
1,서버 트러블 슈팅 게임?,미분류 노트
1,MCP 해보자,미분류 노트
1,"17. [ASP .NET Core] EasyNetQ 보내고, 받고 구현",서버 개발/ASP .NET Core
1,그록이 스스로를 백엔드 5년차 라고 하면서 만들어준 답변,서버 개발
1,21. [MS-SQL] Tvp(Table Value Parameter) 활용,DB/MS-SQL
2,16. [ASP .NET Core] EasyNetQ 로 RabbitMQ 간편하게 사용하기,서버 개발/ASP .NET Core
2,15. [ASP .NET Core] 확장 메서드에 대한 이해 (Extensions),서버 개발/ASP .NET Core
2,14. [ASP .NET Core] Connection 비용과 using,서버 개발/ASP .NET Core
2,"13. [ASP .NET Core] ILogger, Serilog, OpenTelemetry",서버 개발/ASP .NET Core
2,C# 문법 공부,"미분류 노트/알고리즘, PS"
2,VS Code 에서 Git 아이콘이 없어졌다?,미분류 노트
2,12. [ASP .NET Core] TcpClient (Winform 으로 클라 만들기),서버 개발/ASP .NET Core
2,"11. [ASP .NET Core] TCP Server 만들기 (백그라운드 서비스, DI로 자동 주입)",서버 개발/ASP .NET Core
2,"10. [ASP .NET Core] Json으로 객체 직렬화 시, 빈 값으로 매핑되는 문제",서버 개발/ASP .NET Core
2,9. [ASP .NET Core] 닷넷에서 웹 파일로 띄우기,서버 개발/ASP .NET Core
3,8. [ASP .NET Core] 누겟말고 소스,서버 개발/ASP .NET Core
3,7. [ASP .NET Core] HttpClient 올바르게 사용하기,서버 개발/ASP .NET Core
3,6. [ASP .NET Core] Dapper,서버 개발/ASP .NET Core
3,21. [MS-SQL] 인덱스부터 포괄열까지 이해하기,DB/MS-SQL
3,5. [ASP .NET Core] IList 사용하기,서버 개발/ASP .NET Core
3,4. [ASP .NET Core] 의존성 역전 원칙 (DIP),서버 개발/ASP .NET Core
3,"3. [ASP .NET Core] 의존성 주입(DI), IoC 란 무엇인가? (with Simple Injector)",서버 개발/ASP .NET Core
3,2. [ASP .NET Core] 간단 API 만들기(with Dapper),서버 개발/ASP .NET Core
3,1. [ASP .NET Core] 프로젝트 환경 세팅하기,서버 개발/ASP .NET Core
3,"1. [RabbitMQ] Producer, Consumer 개념",서버 개발/RabbitMQ
4,"83. [Flutter] const, final / class형, Function형 위젯 차이 알아보기",앱 개발/Flutter
4,"82. [Flutter] GetX 처음 화면으로 이동하기 (until, offAllNamed 차이)",앱 개발/Flutter
4,"81. [Flutter] bottomNavigationBar 로 화면 전환하는 화면에서 미니 플레이어 구현하기 (AnimatedContainer,PopScope)",앱 개발/Flutter
4,80. [Flutter] CustomScrollView Sliver안에 Scroll류 위젯을 쓰고 싶다면,앱 개발/Flutter
4,79. [Flutter] GetBuilder VS Obx 비교,앱 개발/Flutter
4,78. [Flutter] GetX GetView로 View - Controller - Binding 패턴으로 만들기,앱 개발/Flutter
4,"77. [Flutter] GetX 의 Named Route 사용하여, 화면 전환되는bottomNavigationBar만들기",앱 개발/Flutter
4,76. [Flutter] 웹소켓 통신하기 (웹소켓과 http와의 차이),앱 개발/Flutter
4,대용량 트래픽 처리 관련 용어 정리,서버 개발
4,20. [MS-SQL] RDBMS 고려사항들,DB/MS-SQL
5,[2024.06.28] API 서버에 만든 호출  Flutter 연결하기,미분류 노트/1인 개발 일지
5,12. [Spring Boot] 이유 없이 갑자기 디펜던시(Dependency) 적용이 안된다면?,서버 개발/Spring Boot
5,[2024.06.20] 화면에 필요한 JSON 데이터 만들기 (Spring Boot),미분류 노트/1인 개발 일지
5,19. [MS-SQL] 정규화 역정규화 사이에서 고민,DB/MS-SQL
5,"[PPT] 데이터 블러, 모자이크 처리하는 방법",미분류 노트
5,18. [MS- SQL] 인덱스 힌트 (인덱스 사용 강제하기),DB/MS-SQL
5,17. [MS-SQL] 인덱스가 걸려있는 칼럼 조회하기,DB/MS-SQL
5,16. [MS-SQL] 논클러스터 인덱스(Non-Clustered Index),DB/MS-SQL
5,15. [MS-SQL] 클러스터 인덱스(Clustered Index),DB/MS-SQL
5,14. [MS-SQL] 인덱스 조회하기,DB/MS-SQL
